HAI_energy,SII_temperature,HI_temperature,
118256.45941032615,17.435405917816027,1199.6805641428834
118859.23429451065,11.407656721134089,1202.581045533217
118460.5244688102,15.394755308639896,1200.8381620702291
118317.97180783986,16.820282220750023,1196.7996590304176
118313.69579440192,16.863041822018737,1204.1823064661546
118135.36695848434,18.646329805131433,1197.1374044112263
118206.67842493427,17.93321585835428,1200.5132642279975
118636.5648115293,13.634351845896946,1199.8782855951463
