heateractuator_item_energy,
118256.45941032615
118859.23429451065
118460.5244688102
118317.97180783986
118313.69579440192
118135.36695848434
118206.67842493427
118636.5648115293
119071.31340800396
