HAI_energy,
118256.45941032615
118859.23429451065
118256.25941032615
118859.23429451065
118460.2244688102
118317.27180783986
118313.59579440192
118135.46695848434
118206.47842493427
118636.2648115293
118460.5244688102
120009.2
120010.2
118317.97180783986
118313.69579440192
118135.36695848434
118206.67842493427
118636.5648115293
119071.31340800396
119071.31340800396
