heater_item_temperature,
1199.6805641428834
1202.581045533217
1200.8381620702291
1196.7996590304176
1204.1823064661546
1197.1374044112263
1200.5132642279975
1199.8782855951463
