HI_temperature,
1199.6805641428834
1202.581045533217
1199.3805641428834
1202.481045533217
1200.5381620702291
1196.6996590304176
1204.5823064661546
1197.2374044112263
1200.1132642279975
1199.2782855951463
1200.1132642279975
1199.1782855951463
1200.8381620702291
1196.7996590304176
1204.1823064661546
1197.1374044112263
1200.5132642279975
1199.8782855951463
1200.5132642279975
1199.8782855951463
