HI_temperature,
1200.1132642279975
1199.1782855951463
