SII_temperature,
9.286865619619798
18.156530947317002
