slabinput_item_temperature,
17.435405917816027
11.407656721134089
15.394755308639896
16.820282220750023
16.863041822018737
18.646329805131433
17.93321585835428
13.634351845896946
9.286865619619798
18.156530947317002
