slabinput_item_temperature,heateractuator_item_energy,
17.435405917816027,118256.45941032615
11.407656721134089,118859.23429451065
15.394755308639896,118460.5244688102
16.820282220750023,118317.97180783986
16.863041822018737,118313.69579440192
18.646329805131433,118135.36695848434
17.93321585835428,118206.67842493427
13.634351845896946,118636.5648115293
9.286865619619798,119071.31340800396
